<?xml version="1.0" encoding="UTF-8"?>
<!DOCTYPE mapper PUBLIC "-//mybatis.org//DTD Mapper 3.0//EN" "http://mybatis.org/dtd/mybatis-3-mapper.dtd">
<mapper namespace="com.seyzn.ruanererzu.mapper.SellInfosMapper">

    <resultMap type="com.seyzn.ruanererzu.domain.SellInfosEntity" id="SellInfosMap">
        <result property="sellId" column="sell_id" jdbcType="INTEGER"/>
        <result property="userId" column="user_id" jdbcType="INTEGER"/>
        <result property="proId" column="pro_id" jdbcType="INTEGER"/>
        <result property="cusId" column="cus_id" jdbcType="INTEGER"/>
        <result property="sellTime" column="sell_time" jdbcType="TIMESTAMP"/>
        <result property="sellDesc" column="sell_desc" jdbcType="VARCHAR"/>
        <result property="sellCount" column="sell_count" jdbcType="VARCHAR"/>
    </resultMap>

    <!--查询单个-->
    <select id="queryById" resultMap="SellInfosMap">
        select
          sell_id, user_id, pro_id, cus_id, sell_time, sell_desc, sell_count
        from sell_infos
        where sell_id = #{sellId}
    </select>

    <!--查询指定行数据-->
    <select id="queryAllByLimit" resultMap="SellInfosMap">
        select
          sell_id, user_id, pro_id, cus_id, sell_time, sell_desc, sell_count
        from sell_infos
        <where>
            <if test="sellInfos.sellId != null">
                and sell_id = #{sellInfos.sellId}
            </if>
            <if test="sellInfos.userId != null">
                and user_id = #{sellInfos.userId}
            </if>
            <if test="sellInfos.proId != null">
                and pro_id = #{sellInfos.proId}
            </if>
            <if test="sellInfos.cusId != null">
                and cus_id = #{sellInfos.cusId}
            </if>
            <if test="sellInfos.sellTime != null">
                and sell_time = #{sellInfos.sellTime}
            </if>
            <if test="sellInfos.sellDesc != null and sellInfos.sellDesc != ''">
                and sell_desc = #{sellInfos.sellDesc}
            </if>
            <if test="sellInfos.sellCount != null">
                and sell_count = #{sellInfos.sellCount}
            </if>
        </where>
        limit #{pageable.offset}, #{pageable.pageSize}
    </select>

    <!--统计总行数-->
    <select id="count" resultType="java.lang.Long">
        select count(1)
        from sell_infos
        <where>
            <if test="sellId != null">
                and sell_id = #{sellId}
            </if>
            <if test="userId != null">
                and user_id = #{userId}
            </if>
            <if test="proId != null">
                and pro_id = #{proId}
            </if>
            <if test="cusId != null">
                and cus_id = #{cusId}
            </if>
            <if test="sellTime != null">
                and sell_time = #{sellTime}
            </if>
            <if test="sellDesc != null and sellDesc != ''">
                and sell_desc = #{sellDesc}
            </if>
            <if test="sellCount != null">
                and sell_count = #{sellCount}
            </if>
        </where>
    </select>

    <!--新增所有列-->
    <insert id="insert" keyProperty="sellId" useGeneratedKeys="true">
        insert into sell_infos(user_id, pro_id, cus_id, sell_time, sell_desc, sell_count)
        values (#{userId}, #{proId}, #{cusId}, #{sellTime}, #{sellDesc}, #{sellCount})
    </insert>

    <insert id="insertBatch" keyProperty="sellId" useGeneratedKeys="true">
        insert into sell_infos(user_id, pro_id, cus_id, sell_time, sell_desc, sell_count)
        values
        <foreach collection="entities" item="entity" separator=",">
        (#{entity.userId}, #{entity.proId}, #{entity.cusId}, #{entity.sellTime}, #{entity.sellDesc}, #{entity.sellCount})
        </foreach>
    </insert>

    <insert id="insertOrUpdateBatch" keyProperty="sellId" useGeneratedKeys="true">
        insert into sell_infos(user_id, pro_id, cus_id, sell_time, sell_desc, sell_count)
        values
        <foreach collection="entities" item="entity" separator=",">
            (#{entity.userId}, #{entity.proId}, #{entity.cusId}, #{entity.sellTime}, #{entity.sellDesc}, #{entity.sellCount})
        </foreach>
        on duplicate key update
        user_id = values(user_id),
        pro_id = values(pro_id),
        cus_id = values(cus_id),
        sell_time = values(sell_time),
        sell_desc = values(sell_desc),
        sell_count = values(sell_count)
    </insert>

    <!--通过主键修改数据-->
    <update id="update">
        update sell_infos
        <set>
            <if test="userId != null">
                user_id = #{userId},
            </if>
            <if test="proId != null">
                pro_id = #{proId},
            </if>
            <if test="cusId != null">
                cus_id = #{cusId},
            </if>
            <if test="sellTime != null">
                sell_time = #{sellTime},
            </if>
            <if test="sellDesc != null and sellDesc != ''">
                sell_desc = #{sellDesc},
            </if>
            <if test="sellCount != null">
                sell_count = #{sellCount},
            </if>
        </set>
        where sell_id = #{sellId}
    </update>

    <!--通过主键删除-->
    <delete id="deleteById">
        delete from sell_infos where sell_id = #{sellId}
    </delete>

</mapper>

